Create Database CSE_3A_193

Create Table deposit(
      ACTNO INT,
	  CNAME VARCHAR(50),
	  BNAME VARCHAR(50),
	  AMOUNT DECIMAL(8,2),
	  ADATE DATETIME
);

Create Table Branch(
	BNAME VARCHAR(50),
	CITY VARCHAR(50)

);

Create Table Customers(
      CNAME VARCHAR(50),
	  CITY VARCHAR(50)
);

Create Table Borrow(
      LOANNO INT,
	  CNAME VARCHAR(50),
	  BNAME VARCHAR(50),
	  AMOUNT DECIMAL(8,2)

);

INSERT INTO deposit VALUES(101, 'ANIL', 'VRCE',1000, '1995-3-1')
INSERT INTO deposit VALUES(102, 'SUNIL', 'AJNI',5000, '1996-1-4')
INSERT INTO deposit VALUES(103, 'MEHUL', 'KAROLBAGH',3500, '1995-11-17')
INSERT INTO deposit VALUES(104, 'MADHURI', 'CHANDI',1200, '1995-12-17')
INSERT INTO deposit VALUES(105, 'PRAMOD', 'M.G. ROAD',3000, '1996-3-27')
INSERT INTO deposit VALUES(106, 'SANDIP', 'ANDHERI',2000, '1996-3-31')
INSERT INTO deposit VALUES(107, 'SHIVANI', 'VIRAR',1000, '1995-9-5')
INSERT INTO deposit VALUES(108, 'KRANTI', 'NEHRU PLACE ',5000, '1995-7-2')
INSERT INTO deposit VALUES(109, 'MINU', 'POWAI',7000, '1995-8-10')

SELECT *FROM deposit

INSERT INTO Branch VALUES('VRCE', 'NAGPUR')
INSERT INTO Branch VALUES('AJNI', 'NAGPUR')
INSERT INTO Branch VALUES('KAROLBAGH', 'DELHI')
INSERT INTO Branch VALUES('CHANDI', 'DELHI')
INSERT INTO Branch VALUES('DHARAMPETH', 'NAGPUR')
INSERT INTO Branch VALUES('M.G. ROAD', 'BANGLORE')
INSERT INTO Branch VALUES('ANDHERI', 'BOMBAY')
INSERT INTO Branch VALUES('VIRAR', 'BOMBAY')
INSERT INTO Branch VALUES('NEHRU PLACE', 'DELHI')
INSERT INTO Branch VALUES('POWAI','BOMBAY')

SELECT *FROM Branch

INSERT INTO Customers VALUES ('ANIL', 'CALCUTTA')
INSERT INTO Customers VALUES ('SUNIL', 'DELHI')
INSERT INTO Customers VALUES ('MEHUL', 'BARODA')
INSERT INTO Customers VALUES ('MANDAR', 'PATNA')
INSERT INTO Customers VALUES ('MADHURI', 'NAGPUR')
INSERT INTO Customers VALUES ('PRAMOD', 'NAGPUR')
INSERT INTO Customers VALUES ('SANDIP', 'SURAT')
INSERT INTO Customers VALUES ('SHIVANI', 'BOMBAY')
INSERT INTO Customers VALUES ('KRANTI', 'BOMBAY')
INSERT INTO Customers VALUES ('NAREN', 'BOMBAY')


SELECT *FROM Customers


INSERT INTO Borrow VALUES(201, 'ANIL', 'VRCE',1000)
INSERT INTO Borrow VALUES(206, 'MEHUL', 'AJNI',5000)
INSERT INTO Borrow VALUES(311, 'SUNIL', 'DHARAMPETH',3000)
INSERT INTO Borrow VALUES(321, 'MADHURI', 'ANDHERI',2000)
INSERT INTO Borrow VALUES(375, 'PRAMOD', 'VIRAR',8000)
INSERT INTO Borrow VALUES(481, 'KRANTI', 'NEHRU PLACE',3000)

SELECT *FROM Borrow